{
    "grade":[
        {
            "id":1,
            "name":"初中一年级"
        }
    ],
    "class":[
        {
            "id":1,
            "name":"1701班",
            "grade_id":1
        },
        {
            "id": 2,
            "name": "1702班",
            "grade_id":1
        },
        {
            "id": 3,
            "name": "1703班",
            "grade_id":1
        },
        {
            "id": 4,
            "name": "1704班",
            "grade_id":1
        }
    ],
    "year":[
        {
            "id": 1,
            "name": "2018"
        }
    ],
    "exam":[
        {
            "id":1,
            "name":"期中考试"
        },
        {
            "id": 2,
            "name": "期末考试"
        }
    ],
    "subject":[
        {
            "id":1,
            "name":"语文"
        },
        {
            "id": 2,
            "name": "数学"
        },
        {
            "id": 3,
            "name": "英语"
        }
    ]
}