{
    "grade":[
        {
            "id":1,
            "name":"初中一年级"
        }
    ],
    "class":[
        {
            "id":1,
            "name":"1701班",
            "grade_id":1
        }
    ],
    "year":[
        {
            "id": 1,
            "name": "2018"
        }
    ],
    "exam":[
        {
            "id":1,
            "name":"期中考试"
        },
        {
            "id": 2,
            "name": "期末考试"
        }
    ],
    "subject":[
        {
            "id":1,
            "name":"语文"
        },
        {
            "id": 2,
            "name": "数学"
        },
        {
            "id": 3,
            "name": "英语"
        }
    ],
    "semester":[
        {
            "id":1,
            "name":"上学期"
        },
        {
            "id": 2,
            "name": "下学期"
        }
    ],
    "student":[
        {
            "id":1,
            "name":"代春泥"
        },
        {
            "id": 2,
            "name": "刘静怡"
        },
        {
            "id": 3,
            "name": "唐丽芙"
        }
    ],
    "week":[
        {
            "id":1,
            "name":"第一周"
        },
        {
            "id": 2,
            "name": "第二周"
        },
        {
            "id": 3,
            "name": "第三周"
        },
        {
            "id": 4,
            "name": "第四周"
        }
    ],
    "week_list":{
    	"yd":[6.2,7,5,6,9],
    	"sy":[4,7,5,6,6],
    	"sj":[[3,7,2,3,9],[4,8,3,5,9]],
    	"xx":[6.2,7,5,4,9],
    	"dd":[6.5,7,3,6,9],
    	"bx":[[6.2,7,7,6,7],[7,8,8,7,9]]
    },
    "radar_indicator":[
    	{
    		"text":"运动与健康",
    		"text1":"A",
    		"data":6
    	},
    	{
    		"text":"个人素养",
    		"text1":"B",
    		"data":8
    	},
    	{
    		"text":"交流合作与实践创新",
    		"text1":"C",
    		"data":5
    	},
    	{
    		"text":"学习能力",
    		"text1":"D",
    		"data":9
    	},
    	{
    		"text":"道德品质",
    		"text1":"A",
    		"data":10
    	},
    	{
    		"text":"表现能力",
    		"text1":"A",
    		"data":7
    	}
    ]
}