{
    "grade":[
        {
            "id":1,
            "name":"初中一年级"
        }
    ],
    "class":[
        {
            "id":1,
            "name":"1701班",
            "grade_id":1
        }
    ],
    "year":[
        {
            "id": 1,
            "name": "2018"
        }
    ],
    "exam":[
        {
            "id":1,
            "name":"期中考试"
        },
        {
            "id": 2,
            "name": "期末考试"
        }
    ],
    "subject":[
        {
            "id":1,
            "name":"语文"
        },
        {
            "id": 2,
            "name": "数学"
        },
        {
            "id": 3,
            "name": "英语"
        }
    ],
    "semester":[
        {
            "id":1,
            "name":"上学期"
        },
        {
            "id": 2,
            "name": "下学期"
        }
    ],
    "student":[
        {
            "id":1,
            "name":"刘武胜"
        }
    ],
    "week":[
        {
            "id":1,
            "name":"第一周"
        },
        {
            "id": 2,
            "name": "第二周"
        },
        {
            "id": 3,
            "name": "第三周"
        },
        {
            "id": 4,
            "name": "第四周"
        }
    ],
    "week_list":{
    	"yd":[6.2,7,5,6,9],
    	"sy":[8,9,8,10,9],
    	"sj":[[6,7,8,7,9],[6,7,5,6,7]],
    	"xx":[5,6,5,7,9],
    	"dd":[8,9,8,9,10],
    	"bx":[[6.2,7,7,6,7],[7,8,8,7,9]]
    },
    "radar_indicator":[
    	{
    		"text":"运动与健康",
    		"text1":"D",
    		"data":6
    	},
    	{
    		"text":"个人素养",
    		"text1":"B",
    		"data":9
    	},
    	{
    		"text":"交流合作与实践创新",
    		"text1":"C",
    		"data":7
    	},
    	{
    		"text":"学习能力",
    		"text1":"B",
    		"data":9
    	},
    	{
    		"text":"道德品质",
    		"text1":"A",
    		"data":10
    	},
    	{
    		"text":"表现能力",
    		"text1":"B",
    		"data":8
    	}
    ],
    "progress":[
    	{
    		"name":"数学",
    		"select":"本班",
    		"people":68,
    		"title":["2017.11.15","2017.12.01","2017.12.15","2018.03.01","2018.03.15","2018.04.01"],
    		"data":[68,75,64,86,79,97]
    	},
    	{
    		"name":"数学",
    		"select":"本年级",
    		"people":53,
    		"title":["2017.03.15","2017.04.01","2017.04.15","2017.05.01","2017.05.15","2017.06.01"],
    		"data":[62,40,54,33,24,40]
    	}
    ],
    "subject":[
    	{
    		"name":"数学",
    		"title":["一元二次方程","用频率求概率","相似三角形应用"],
    		"data":[[79,60,65],[80,77,50],[65,88,90]]
    	}
    ]
}