{
    "grade":[
        {
            "id":1,
            "name":"初中1年级"
        },
        {
            "id": 2,
            "name": "初中2年级"
        },
        {
            "id": 3,
            "name": "初中3年级"
        }
    ],
    "class":[
        {
            "id":1,
            "name":"171班",
            "grade_id":1
        },
        {
            "id": 2,
            "name": "172班",
            "grade_id":1
        },
        {
            "id": 3,
            "name": "173班",
            "grade_id":1
        },
        {
            "id": 4,
            "name": "174班",
            "grade_id":1
        },
        {
            "id": 5,
            "name": "175班",
            "grade_id":1
        }
    ],
    "year":[
        {
            "id": 1,
            "name": "2015"
        },
        {
            "id": 2,
            "name": "2016"
        },
        {
            "id":3,
            "name":"2017"
        },
        {
            "id": 4,
            "name": "2018"
        }
    ],
    "exam":[
        {
            "id":1,
            "name":"期中考试"
        },
        {
            "id": 2,
            "name": "期末考试"
        }
    ],
    "subject":[
        {
            "id":1,
            "name":"语文"
        },
        {
            "id": 2,
            "name": "数学"
        },
        {
            "id": 3,
            "name": "英语"
        }
    ],
    "semester":[
        {
            "id":1,
            "name":"上学期"
        },
        {
            "id": 2,
            "name": "下学期"
        }
    ],
    "student":[
        {
            "id":1,
            "name":"刘武胜1"
        },
        {
            "id": 2,
            "name": "刘武胜2"
        },
        {
            "id": 3,
            "name": "刘武胜3"
        },
        {
            "id": 4,
            "name": "刘武胜4"
        },
        {
            "id": 5,
            "name": "刘武胜5"
        },
        {
            "id": 6,
            "name": "刘武胜6"
        },
        {
            "id": 7,
            "name": "刘武胜7"
        },
        {
            "id": 8,
            "name": "刘武胜8"
        }
    ],
    "week":[
        {
            "id":1,
            "name":"第一周"
        },
        {
            "id": 2,
            "name": "第二周"
        },
        {
            "id": 3,
            "name": "第三周"
        },
        {
            "id": 4,
            "name": "第四周"
        }
    ],
    "week_list":{
    	"yd":[6.2,7,5,6,9],
    	"sy":[4,7,5,6,6],
    	"sj":[[3,7,2,3,9],[4,8,3,5,9]],
    	"xx":[6.2,7,5,4,9],
    	"dd":[6.5,7,3,6,9],
    	"bx":[[6.2,7,7,6,7],[7,8,8,7,9]]
    },
    "radar_indicator":[
    	{
    		"text":"运动与健康",
    		"text1":"A",
    		"data":7
    	},
    	{
    		"text":"个人素养",
    		"text1":"B",
    		"data":9
    	},
    	{
    		"text":"交流合作与实践创新",
    		"text1":"C",
    		"data":4
    	},
    	{
    		"text":"学习能力",
    		"text1":"D",
    		"data":9
    	},
    	{
    		"text":"道德品质",
    		"text1":"A",
    		"data":10
    	},
    	{
    		"text":"表现能力",
    		"text1":"A",
    		"data":7
    	}
    ]
}