{
	"log":{
		"am":[
			{
				"title":"",
				"text":"",
				"consume":false,
				"date":"7:31",
				"address":"入校考勤"
			},
			{
				"title":"消费6元",
				"text":"酸奶3.5<br/>酸奶2.5",
				"consume":true,
				"date":"7:36",
				"address":"青园小超市"
			},
			{
				"title":"上午课程",
				"text":"1语文&nbsp;3数学<br/>2英语&nbsp;4体育",
				"consume":false,
				"date":"8:00",
				"address":"初三12班教室"
			},
			{
				"title":"消费13元",
				"text":"番茄鸡蛋套餐13",
				"consume":true,
				"date":"11:50",
				"address":"第一餐厅"
			}
		],
		"pm":[
			{
				"title":"电脑课程",
				"text":"基准键练习",
				"consume":false,
				"date":"14:30",
				"address":"微机室"
			},
			{
				"title":"借阅",
				"text":"《草房子》曹文轩<br/>《十二声笑》哲也等",
				"consume":false,
				"date":"16:05",
				"address":"图书馆"
			},
			{
				"title":"",
				"text":"",
				"consume":false,
				"date":"16:20",
				"address":"出校考勤"
			}
		]
	}
}
